{
    "vertices":[0,-1,0,0.723607,-0.447219,0.525725,-0.258071,-0.406281,0.758717,-0.894426,-0.447216,0,-0.433472,-0.405289,-0.546687,0.541402,-0.369062,-0.209534,0.276388,0.44722,0.850649,-0.576148,0.424082,0.220386,-0.723607,0.447219,-0.525725,0.221813,0.262359,-0.499234,0.783727,0.540497,0.135653,0.031196,0.885422,0.070597,-0.162456,-0.850654,0.499995,0.347068,-0.659575,0.250667,0.279798,-0.458873,0.688268,0.850648,-0.525736,0,0.425323,-0.850654,-0.309011,-0.336155,-0.405862,-0.070326,-0.688189,-0.525736,0.499997,-0.162456,-0.850654,-0.499995,-0.779973,-0.521533,-0.297375,0.262869,-0.525738,-0.809012,0.951058,0,0.309013,0.801963,0.044723,-0.026574,0.049088,0.006222,0.881193,0.610444,0.154126,0.567745,-0.855806,0.015725,0.073975,-0.51421,-0.015235,0.661214,-0.584259,-0.13386,-0.652008,-0.872057,-0.085081,-0.383007,0.450164,-0.04087,-0.447058,-0.031743,-0.109074,-0.79369,0.764926,0.576205,0.264053,-0.046154,0.369855,0.510494,-0.850648,0.525736,-0,-0.206958,0.265078,-0.614315,0.5344,0.590542,-0.231687,0.212906,0.848725,0.38815,0.52573,0.850652,-0,-0.362723,0.893216,0.114822,-0.425323,0.850654,-0.309011,0.149507,0.787316,-0.39261,0.652158,0.628567,0.454827],
    "name":"IcosphereGeometry",
    "metadata":{
        "vertices":43,
        "normals":80,
        "generator":"io_three",
        "version":3,
        "type":"Geometry",
        "faces":80,
        "uvs":0
    },
    "uvs":[],
    "faces":[32,0,13,12,0,0,0,32,1,13,15,1,1,1,32,0,12,17,2,2,2,32,0,17,19,3,3,3,32,0,19,16,4,4,4,32,1,15,22,5,5,5,32,2,14,24,6,6,6,32,3,18,26,7,7,7,32,4,20,28,8,8,8,32,5,21,30,9,9,9,32,1,22,25,10,10,10,32,2,24,27,11,11,11,32,3,26,29,12,12,12,32,4,28,31,13,13,13,32,5,30,23,14,14,14,32,6,32,37,15,15,15,32,7,33,39,16,16,16,32,8,34,40,17,17,17,32,9,35,41,18,18,18,32,10,36,38,19,19,19,32,38,41,11,20,20,20,32,38,36,41,21,21,21,32,36,9,41,22,22,22,32,41,40,11,23,23,23,32,41,35,40,24,24,24,32,35,8,40,25,25,25,32,40,39,11,26,26,26,32,40,34,39,27,27,27,32,34,7,39,28,28,28,32,39,37,11,29,29,29,32,39,33,37,30,30,30,32,33,6,37,31,31,31,32,37,38,11,32,32,32,32,37,32,38,33,33,33,32,32,10,38,34,34,34,32,23,36,10,35,35,35,32,23,30,36,36,36,36,32,30,9,36,37,37,37,32,31,35,9,38,38,38,32,31,28,35,39,39,39,32,28,8,35,40,40,40,32,29,34,8,41,41,41,32,29,26,34,42,42,42,32,26,7,34,43,43,43,32,27,33,7,44,44,44,32,27,24,33,45,45,45,32,24,6,33,46,46,46,32,25,32,6,47,47,47,32,25,22,32,48,48,48,32,22,10,32,49,49,49,32,30,31,9,50,50,50,32,30,21,31,51,51,51,32,21,4,31,52,52,52,32,28,29,8,53,53,53,32,28,20,29,54,54,54,32,20,3,29,55,55,55,32,26,27,7,56,56,56,32,26,18,27,57,57,57,32,18,2,27,58,58,58,32,24,25,6,59,59,59,32,24,14,25,60,60,60,32,14,1,25,61,61,61,32,22,23,10,62,62,62,32,22,15,23,63,63,63,32,15,5,23,64,64,64,32,16,21,5,65,65,65,32,16,19,21,66,66,66,32,19,4,21,67,67,67,32,19,20,4,68,68,68,32,19,17,20,69,69,69,32,17,3,20,70,70,70,32,17,18,3,71,71,71,32,17,12,18,72,72,72,32,12,2,18,73,73,73,32,15,16,5,74,74,74,32,15,13,16,75,75,75,32,13,0,16,76,76,76,32,12,14,2,77,77,77,32,12,13,14,78,78,78,32,13,1,14,79,79,79],
    "normals":[0.484785,-0.782282,0.391176,0.351705,-0.909686,0.220849,-0.856461,-0.49984,-0.128977,-0.868759,-0.474911,0.140419,0.102381,-0.943523,-0.31509,0.904989,-0.330385,0.268032,0.088839,-0.34372,0.934861,-0.923456,0.015776,0.383381,-0.382387,-0.511116,-0.769766,0.910392,-0.044607,-0.411334,0.621451,0.062376,0.780966,-0.363566,-0.005867,0.93155,-0.996612,0.080309,0.017725,-0.20281,-0.450108,-0.869639,0.769774,-0.219738,-0.599303,0.466781,0.698547,0.542354,-0.415201,0.375357,0.828683,-0.700224,0.661699,-0.268032,0.253854,0.225984,-0.940473,0.770348,0.438228,-0.463162,0.040739,0.979545,-0.197059,0.547252,0.56679,-0.615844,0.47557,0.237537,-0.847,0.080723,0.979086,-0.186749,-0.082207,0.436471,-0.895955,0.012567,0.465955,-0.884719,0.008331,0.994838,-0.101134,-0.602927,0.797747,0.00894,-0.481676,0.395141,0.78221,0.030623,0.994771,0.097433,-0.364946,0.410878,0.83546,-0.681025,0.504113,0.531107,0.079801,0.994403,0.069249,0.476653,0.788801,0.388066,0.779991,0.622999,-0.059044,0.822715,0.203894,-0.53063,0.74882,0.122288,-0.651394,0.48842,0.222633,-0.84373,0.226679,0.505327,-0.832623,-0.248712,0.321546,-0.913647,-0.101224,0.188036,-0.976932,-0.946361,0.194809,-0.257781,-0.99937,0.014789,0.032276,-0.593705,0.121385,0.795475,-0.31235,0.650578,0.692233,-0.300198,0.64126,0.706164,-0.707712,0.404873,0.578984,0.730185,0.202312,0.65261,0.656638,0.267147,0.705308,0.949061,0.310677,0.052568,0.5375,0.267148,-0.799828,0.502741,0.383955,-0.774487,-0.377951,-0.234302,-0.895687,-0.683307,-0.005192,-0.730113,-0.680799,-0.276699,-0.678196,-0.922594,-0.251965,-0.292118,-0.794013,0.371155,0.481443,-0.853798,0.131935,0.503609,-0.4908,-0.105846,0.864819,0.518221,-0.209675,0.829146,0.505686,-0.104388,0.856379,0.343925,-0.000892,0.938997,0.909947,0.15883,-0.383106,0.915166,0.059533,-0.398658,0.564268,0.009701,-0.825535,0.911446,-0.139758,-0.386955,0.187594,-0.794658,-0.577345,-0.382062,-0.323259,-0.865755,-0.460046,-0.364816,-0.809486,-0.159892,-0.717425,0.678039,0.105872,-0.954363,0.279253,0.050744,-0.9832,-0.175334,-0.469604,-0.75984,-0.449573,-0.325746,-0.527077,0.784907,0.571573,0.031599,-0.819942,0.397952,-0.849757,0.345756,0.521784,-0.782367,0.340063,0.065689,-0.491471,0.868413,0.492558,-0.759878,0.424231,0.181726,-0.882939,0.43289]
}