{
    "metadata":{
        "generator":"io_three",
        "faces":80,
        "uvs":0,
        "vertices":42,
        "normals":80,
        "version":3,
        "type":"Geometry"
    },
    "faces":[32,0,13,12,0,0,0,32,1,13,15,1,1,1,32,0,12,17,2,2,2,32,0,17,19,3,3,3,32,0,19,16,4,4,4,32,1,15,22,5,5,5,32,2,14,24,6,6,6,32,3,18,26,7,7,7,32,4,20,28,8,8,8,32,5,21,30,9,9,9,32,1,22,25,10,10,10,32,2,24,27,11,11,11,32,3,26,29,12,12,12,32,4,28,31,13,13,13,32,5,30,23,14,14,14,32,6,32,37,15,15,15,32,7,33,39,16,16,16,32,8,34,40,17,17,17,32,9,35,41,18,18,18,32,10,36,38,19,19,19,32,38,41,11,20,20,20,32,38,36,41,21,21,21,32,36,9,41,22,22,22,32,41,40,11,23,23,23,32,41,35,40,24,24,24,32,35,8,40,25,25,25,32,40,39,11,26,26,26,32,40,34,39,27,27,27,32,34,7,39,28,28,28,32,39,37,11,29,29,29,32,39,33,37,30,30,30,32,33,6,37,31,31,31,32,37,38,11,32,32,32,32,37,32,38,33,33,33,32,32,10,38,34,34,34,32,23,36,10,35,35,35,32,23,30,36,36,36,36,32,30,9,36,37,37,37,32,31,35,9,38,38,38,32,31,28,35,39,39,39,32,28,8,35,40,40,40,32,29,34,8,41,41,41,32,29,26,34,42,42,42,32,26,7,34,43,43,43,32,27,33,7,44,44,44,32,27,24,33,45,45,45,32,24,6,33,46,46,46,32,25,32,6,47,47,47,32,25,22,32,48,48,48,32,22,10,32,49,49,49,32,30,31,9,50,50,50,32,30,21,31,51,51,51,32,21,4,31,52,52,52,32,28,29,8,53,53,53,32,28,20,29,54,54,54,32,20,3,29,55,55,55,32,26,27,7,56,56,56,32,26,18,27,57,57,57,32,18,2,27,58,58,58,32,24,25,6,59,59,59,32,24,14,25,60,60,60,32,14,1,25,61,61,61,32,22,23,10,62,62,62,32,22,15,23,63,63,63,32,15,5,23,64,64,64,32,16,21,5,65,65,65,32,16,19,21,66,66,66,32,19,4,21,67,67,67,32,19,20,4,68,68,68,32,19,17,20,69,69,69,32,17,3,20,70,70,70,32,17,18,3,71,71,71,32,17,12,18,72,72,72,32,12,2,18,73,73,73,32,15,16,5,74,74,74,32,15,13,16,75,75,75,32,13,0,16,76,76,76,32,12,14,2,77,77,77,32,12,13,14,78,78,78,32,13,1,14,79,79,79],
    "uvs":[],
    "vertices":[-0.120115,-0.994506,-0.246979,0.762935,-0.312771,0.365334,-0.276053,-0.518202,0.816048,-0.894092,-0.518198,-0.034602,-0.276053,-0.518202,-0.885251,0.71641,-0.389259,-0.37676,0.276723,0.376238,0.816048,-0.723273,0.376238,0.491124,-0.723273,0.376238,-0.560327,0.170864,0.357396,-0.739178,0.894761,0.376234,-0.034602,-0.141129,0.698755,0.032543,-0.129216,-0.781324,0.535359,0.237379,-0.717691,0.287271,0.260056,-0.410521,0.774847,0.822759,-0.372631,0.054467,0.5428,-0.79082,-0.229469,-0.525395,-0.921634,-0.034602,-0.810282,-0.277978,0.622723,-0.162121,-0.921636,-0.534597,-0.824135,-0.299858,-0.681943,0.069593,-0.617658,-0.749638,0.908975,0.134008,0.20867,0.911811,-0.080388,-0.240902,0.257318,-0.04016,0.927285,0.638046,0.10513,0.688117,-0.868093,0.122813,0.354396,-0.587451,-0.070982,0.774415,-0.587451,-0.070982,-0.843618,-0.950723,-0.070982,-0.343614,0.379489,-0.032724,-0.809558,-0.084429,0.130872,-1.01678,0.688524,0.454754,0.465395,-0.107273,0.181871,0.780335,-0.955293,0.148797,-0.127389,-0.194202,0.584781,-0.616612,0.506816,0.523797,-0.418722,-0.083285,0.382069,0.459312,0.432469,0.530576,0.096309,-0.551544,0.601074,0.095989,-0.424988,0.779672,-0.343613,0.055802,0.657089,-0.269399],
    "normals":[0.328465,-0.910313,0.251875,0.564923,-0.783264,0.259539,-0.035912,-0.964305,0.262349,-0.273285,-0.941218,-0.198552,0.289039,-0.917098,-0.274567,0.946487,-0.229984,0.22643,0.145784,-0.375628,0.915233,-0.988597,-0.046768,0.143138,-0.410665,-0.203199,-0.888856,0.558684,-0.371927,-0.741311,0.867852,-0.114125,0.483538,-0.176865,-0.031573,0.983729,-0.991114,-0.037284,0.127679,-0.284116,-0.109154,-0.952556,0.715121,-0.15234,-0.682198,-0.094048,0.989351,0.111081,0.034639,0.862079,0.505588,-0.777301,0.622742,-0.08942,0.366279,0.82255,-0.43503,0.325272,0.94499,0.034517,0.276155,0.959931,0.04765,0.292301,0.955868,0.029614,0.077914,0.849037,-0.522556,0.243366,0.969614,0.024928,0.283442,0.87751,-0.38683,-0.320941,0.621286,-0.714843,-0.170349,0.929049,0.328405,-0.756618,0.652157,0.047132,-0.75582,0.653348,0.043278,-0.095775,0.793105,0.601508,-0.012973,0.848887,0.528416,-0.435863,0.777946,0.452576,0.1716,0.802128,0.571965,-0.09254,0.96074,0.261564,0.311308,0.950081,-0.020796,0.726116,0.305426,-0.616012,0.711068,0.287835,-0.641509,0.514438,0.410893,-0.752676,0.179854,0.674641,-0.7159,-0.457476,0.523232,-0.718988,-0.26979,0.455474,-0.848385,-0.897501,0.299668,-0.323561,-0.969078,-0.182999,0.165526,-0.892878,0.411089,0.183776,-0.253512,0.461525,0.850133,-0.179997,0.320045,0.930146,-0.219692,0.26133,0.939916,0.552977,0.389402,0.736602,0.849708,0.190507,0.491633,0.881063,0.359922,0.306895,0.487754,0.400752,-0.775561,0.315622,-0.260677,-0.912376,0.283312,-0.270118,-0.920201,-0.802609,0.125627,-0.583126,-0.745523,0.388342,-0.541651,-0.950211,-0.249405,-0.186807,-0.79425,0.134163,0.592593,-0.71609,0.31405,0.623368,-0.413317,-0.205204,0.887164,0.461854,0.208764,0.862037,0.587275,-0.304349,0.749986,0.631898,-0.346605,0.693232,0.998928,0.043915,-0.014642,0.975438,-0.196369,0.099799,0.865354,-0.461405,-0.195622,0.558858,-0.487639,-0.670736,0.386403,-0.71055,-0.588057,0.118563,-0.632098,-0.765764,-0.478074,-0.649204,-0.59159,-0.571871,-0.70734,-0.415492,-0.705607,-0.644848,-0.293751,-0.698743,-0.638575,0.322458,-0.470167,-0.723822,0.504999,-0.495986,-0.747731,0.441469,0.871327,-0.449174,-0.197567,0.579395,-0.686343,0.439584,0.273898,-0.916491,0.29159,0.189109,-0.665103,0.722409,0.445839,-0.766555,0.462191,0.50488,-0.740736,0.443178],
    "name":"Icosphere.002Geometry"
}