{
    "metadata":{
        "vertices":12,
        "uvs":1,
        "generator":"io_three",
        "faces":20,
        "version":3,
        "type":"Geometry",
        "normals":20
    },
    "vertices":[0,-1,0,0.740015,-0.379868,0.405546,-0.162208,-0.614676,0.798545,-0.894425,-0.447215,0,-0.276385,-0.447215,-0.85064,0.56889,-0.196556,-0.484405,0.477884,0.254879,0.631505,-0.7236,0.447215,0.52572,-0.7236,0.447215,-0.52572,0.088366,0.540793,-0.540299,0.894425,0.447215,-0,0.166518,0.539731,0.19031],
    "uvs":[[0.220564,0.240358,0.140492,0.476146,0.415099,0.38169,0.999774,0.193483,0.999774,0.412134,0.750378,0.291945,0.415099,0.061981,0.111032,0.000226,0.000226,0.248456,0.766036,0.054719,0.726826,0.527488,0.999353,0.489908,0.999353,0.692559,0.278485,0.716028,0.303843,0.476599,0.000226,0.58835,0.303843,0.965759,0.03157,0.897032,0.460474,0.607089,0.415552,0.863349,0.692863,0.723042,0.953061,0.000226,0.693315,0.880349,0.692863,0.964232,0.638197,0.489908,0.749925,0.383356,0.553512,0.489456,0.628293,0.280411,0.749925,0.027439,0.440852,0.000226,0.415552,0.238529]],
    "name":"Icosphere.001Geometry",
    "faces":[40,0,1,2,0,1,2,0,0,0,40,1,0,5,3,4,5,1,1,1,40,0,2,3,0,2,6,2,2,2,40,0,3,4,0,6,7,3,3,3,40,0,4,5,0,7,8,4,4,4,40,1,5,10,3,5,9,5,5,5,40,2,1,6,10,11,12,6,6,6,40,3,2,7,13,14,15,7,7,7,40,4,3,8,16,13,17,8,8,8,40,5,4,9,18,19,20,9,9,9,40,1,10,6,3,9,21,10,10,10,40,2,6,7,10,12,22,11,11,11,40,3,7,8,13,15,17,12,12,12,40,4,8,9,19,23,20,13,13,13,40,5,9,10,18,20,24,14,14,14,40,6,10,11,25,26,27,15,15,15,40,7,6,11,28,25,27,16,16,16,40,8,7,11,29,28,27,17,17,17,40,9,8,11,30,29,27,18,18,18,40,10,9,11,26,30,27,19,19,19],
    "normals":[0.406576,-0.787776,0.462716,0.701133,-0.65965,-0.270692,-0.503047,-0.813948,0.290573,-0.491122,-0.794652,-0.356829,0.452905,-0.673145,-0.584596,0.927056,-0.289745,-0.237941,0.426142,-0.142062,0.893432,-0.740878,-0.229508,0.63121,-0.794649,-0.187587,-0.577359,0.352226,0.159636,-0.9222,0.809011,0.130037,0.57323,-0.049889,0.223709,0.973378,-0.982246,0.187597,-0,-0.053556,0.317185,-0.94685,0.554662,0.302715,-0.775057,0.220569,0.882958,0.414408,0.095281,0.865586,0.491612,-0.10338,0.994642,-0,-0.114239,0.993359,0.013664,0.12306,0.99233,-0.011721]
}