{
    "vertices":[0,-1,0,0.694633,-0.286481,0.393204,-0.276388,-0.44722,0.850649,-0.894426,-0.447216,0,-0.276388,-0.44722,-0.850649,0.689657,-0.473303,-0.416709,0.281698,0.623748,0.621041,-0.723607,0.44722,0.525725,-0.723607,0.447219,-0.525725,0.276388,0.44722,-0.850649,0.854372,0.763082,-0.298645,0,1,-0,-0.162456,-0.850654,0.499995,0.425323,-0.850654,0.309011,0.262869,-0.525738,0.809012,0.850648,-0.525736,0,0.425323,-0.850654,-0.309011,-0.52573,-0.850652,0,-0.688189,-0.525736,0.499997,-0.162456,-0.850654,-0.499995,-0.688189,-0.525736,-0.499997,0.262869,-0.525738,-0.809012,0.881794,0.418242,-0.049685,0.973365,0.195385,-0.600344,0.040767,0.033479,0.866436,0.539573,0.246031,0.61492,-0.951058,0,0.309013,-0.587786,0,0.809017,-0.587786,-0,-0.809017,-0.951058,-0,-0.309013,0.587786,-0,-0.809017,0,-0,-1,0.605076,0.885868,0.244281,-0.231563,0.586417,0.663341,-0.850648,0.525736,-0,-0.262869,0.525738,-0.809012,0.589615,0.882061,-0.716017,0.162456,0.850654,0.499995,0.518176,0.996807,-0.163045,-0.425323,0.850654,0.309011,-0.425323,0.850654,-0.309011,0.217853,0.88832,-0.671843],
    "name":"IcosphereGeometry",
    "uvs":[[0,0,1,0,1,1]],
    "faces":[40,0,13,12,0,1,2,0,0,0,40,1,13,15,0,1,2,1,1,1,40,0,12,17,0,1,2,2,2,2,40,0,17,19,0,1,2,3,3,3,40,0,19,16,0,1,2,4,4,4,40,1,15,22,0,1,2,5,5,5,40,2,14,24,0,1,2,6,6,6,40,3,18,26,0,1,2,7,7,7,40,4,20,28,0,1,2,8,8,8,40,5,21,30,0,1,2,9,9,9,40,1,22,25,0,1,2,10,10,10,40,2,24,27,0,1,2,11,11,11,40,3,26,29,0,1,2,12,12,12,40,4,28,31,0,1,2,13,13,13,40,5,30,23,0,1,2,14,14,14,40,6,32,37,0,1,2,15,15,15,40,7,33,39,0,1,2,16,16,16,40,8,34,40,0,1,2,17,17,17,40,9,35,41,0,1,2,18,18,18,40,10,36,38,0,1,2,19,19,19,40,38,41,11,0,1,2,20,20,20,40,38,36,41,0,1,2,21,21,21,40,36,9,41,0,1,2,22,22,22,40,41,40,11,0,1,2,23,23,23,40,41,35,40,0,1,2,24,24,24,40,35,8,40,0,1,2,25,25,25,40,40,39,11,0,1,2,26,26,26,40,40,34,39,0,1,2,27,27,27,40,34,7,39,0,1,2,28,28,28,40,39,37,11,0,1,2,29,29,29,40,39,33,37,0,1,2,30,30,30,40,33,6,37,0,1,2,31,31,31,40,37,38,11,0,1,2,32,32,32,40,37,32,38,0,1,2,33,33,33,40,32,10,38,0,1,2,34,34,34,40,23,36,10,0,1,2,35,35,35,40,23,30,36,0,1,2,36,36,36,40,30,9,36,0,1,2,37,37,37,40,31,35,9,0,1,2,38,38,38,40,31,28,35,0,1,2,39,39,39,40,28,8,35,0,1,2,40,40,40,40,29,34,8,0,1,2,41,41,41,40,29,26,34,0,1,2,42,42,42,40,26,7,34,0,1,2,43,43,43,40,27,33,7,0,1,2,44,44,44,40,27,24,33,0,1,2,45,45,45,40,24,6,33,0,1,2,46,46,46,40,25,32,6,0,1,2,47,47,47,40,25,22,32,0,1,2,48,48,48,40,22,10,32,0,1,2,49,49,49,40,30,31,9,0,1,2,50,50,50,40,30,21,31,0,1,2,51,51,51,40,21,4,31,0,1,2,52,52,52,40,28,29,8,0,1,2,53,53,53,40,28,20,29,0,1,2,54,54,54,40,20,3,29,0,1,2,55,55,55,40,26,27,7,0,1,2,56,56,56,40,26,18,27,0,1,2,57,57,57,40,18,2,27,0,1,2,58,58,58,40,24,25,6,0,1,2,59,59,59,40,24,14,25,0,1,2,60,60,60,40,14,1,25,0,1,2,61,61,61,40,22,23,10,0,1,2,62,62,62,40,22,15,23,0,1,2,63,63,63,40,15,5,23,0,1,2,64,64,64,40,16,21,5,0,1,2,65,65,65,40,16,19,21,0,1,2,66,66,66,40,19,4,21,0,1,2,67,67,67,40,19,20,4,0,1,2,68,68,68,40,19,17,20,0,1,2,69,69,69,40,17,3,20,0,1,2,70,70,70,40,17,18,3,0,1,2,71,71,71,40,17,12,18,0,1,2,72,72,72,40,12,2,18,0,1,2,73,73,73,40,15,16,5,0,1,2,74,74,74,40,15,13,16,0,1,2,75,75,75,40,13,0,16,0,1,2,76,76,76,40,12,14,2,0,1,2,77,77,77,40,12,13,14,0,1,2,78,78,78,40,13,1,14,0,1,2,79,79,79],
    "metadata":{
        "version":3,
        "vertices":42,
        "generator":"io_three",
        "faces":80,
        "uvs":1,
        "type":"Geometry",
        "normals":80
    },
    "normals":[0.102381,-0.943523,0.31509,0.721758,-0.425948,0.545558,-0.268034,-0.943523,0.194736,-0.268034,-0.943523,-0.194737,0.102381,-0.943523,-0.31509,0.927163,-0.01088,0.3745,0.065748,-0.076054,0.994934,-0.889697,-0.330385,0.315095,-0.574602,-0.330388,-0.748783,0.646496,-0.399554,-0.649923,0.880871,0.061057,0.469402,-0.092431,0.028297,0.995317,-0.992077,-0.125628,0,-0.306569,-0.125629,-0.943522,0.589194,-0.436675,-0.679828,0.371819,0.58144,0.723656,-0.369425,0.636719,0.676841,-0.700224,0.661699,-0.268032,-0.017202,0.373655,-0.927408,0.539178,0.835774,-0.103772,-0.050482,0.982429,-0.179678,-0.007776,0.978912,-0.204136,-0.103995,0.361752,-0.926456,-0.178894,0.959524,-0.21751,-0.373579,0.717645,-0.587728,-0.4713,0.661699,-0.583122,-0.331305,0.943524,0,-0.60706,0.794656,0,-0.700224,0.661699,0.268032,-0.102381,0.943523,0.31509,-0.213255,0.723718,0.656319,0.036697,0.485304,0.873575,0.087399,0.961935,0.258927,0.066917,0.966219,0.248883,0.593011,0.799993,0.091371,0.823548,0.391015,-0.410945,0.436849,0.093423,-0.89467,0.272057,0.10034,-0.957035,-0.024747,0.330386,-0.943521,-0.303531,0.187597,-0.934171,-0.534576,0.330387,-0.777865,-0.904989,0.330385,-0.268032,-0.982246,0.187599,-0,-0.904989,0.330385,0.268031,-0.352918,0.42185,0.835159,-0.10257,0.298059,0.949021,0.049971,0.365943,0.929295,0.561157,0.371123,0.739845,0.850223,0.195981,0.488582,0.887816,0.313694,0.336717,0.306569,0.125629,-0.943522,0.303531,-0.187597,-0.934171,0.024747,-0.330386,-0.943521,-0.802609,0.125627,-0.583126,-0.794656,-0.187595,-0.577348,-0.889697,-0.330385,-0.315095,-0.802609,0.125627,0.583126,-0.794656,-0.187595,0.577348,-0.574602,-0.330388,0.748784,0.358279,0.22994,0.904856,0.423172,0.075352,0.902911,0.714394,-0.081348,0.694999,0.983124,0.151843,0.102034,0.984611,-0.023371,0.173193,0.813994,-0.447171,-0.370743,0.59073,-0.575279,-0.565767,0.187594,-0.794658,-0.577345,-0.03853,-0.661699,-0.748779,-0.408946,-0.661699,-0.628425,-0.491119,-0.794657,-0.356821,-0.724042,-0.661695,-0.194736,-0.724042,-0.661695,0.194736,-0.491119,-0.794657,0.356821,-0.408946,-0.661698,0.628425,0.716219,-0.602313,-0.35249,0.60706,-0.794656,0,0.331305,-0.943524,0,-0.03853,-0.661699,0.748779,0.187594,-0.794658,0.577345,0.738469,-0.430017,0.519374]
}